{"cameraMode":{"drawMode":0,"name":"Shaded","section":"Shading Mode"},"sceneLighting":true,"audioPlay":false,"sceneViewState":{"m_AlwaysRefresh":false,"showFog":true,"showSkybox":true,"showFlares":true,"showImageEffects":true,"showParticleSystems":true,"showVisualEffectGraphs":true,"m_FxEnabled":true},"in2DMode":false,"pivot":{"x":-14.267887115478516,"y":15.57128620147705,"z":-7.930766582489014},"rotation":{"x":0.5256689786911011,"y":-0.0007637586677446961,"z":0.00047186168376356363,"w":0.8506929278373718},"size":17.56070327758789,"orthographic":false}