{"cameraMode":{"drawMode":0,"name":"Shaded","section":"Shading Mode"},"sceneLighting":true,"audioPlay":false,"sceneViewState":{"m_AlwaysRefresh":false,"showFog":true,"showSkybox":true,"showFlares":true,"showImageEffects":true,"showParticleSystems":true,"showVisualEffectGraphs":true,"m_FxEnabled":true},"in2DMode":false,"pivot":{"x":7.87396764755249,"y":-1.3662128448486329,"z":-7.816021919250488},"rotation":{"x":-0.40804433822631838,"y":-0.003563361708074808,"z":0.0015929779037833214,"w":-0.9129643440246582},"size":10.727785110473633,"orthographic":false}