{"cameraMode":{"drawMode":0,"name":"Shaded","section":"Shading Mode"},"sceneLighting":true,"audioPlay":false,"sceneViewState":{"m_AlwaysRefresh":false,"showFog":true,"showSkybox":true,"showFlares":true,"showImageEffects":true,"showParticleSystems":true,"showVisualEffectGraphs":true,"m_FxEnabled":true},"in2DMode":false,"pivot":{"x":-1.8359911441802979,"y":12.436144828796387,"z":2.616598129272461},"rotation":{"x":-0.23362529277801515,"y":0.007872825488448143,"z":-0.001891072141006589,"w":-0.9723032116889954},"size":23.03354263305664,"orthographic":false}