{"cameraMode":{"drawMode":0,"name":"Shaded","section":"Shading Mode"},"sceneLighting":false,"audioPlay":false,"sceneViewState":{"m_AlwaysRefresh":false,"showFog":true,"showSkybox":false,"showFlares":true,"showImageEffects":true,"showParticleSystems":true,"showVisualEffectGraphs":true,"m_FxEnabled":true},"in2DMode":false,"pivot":{"x":-2.495293617248535,"y":1.2600693702697755,"z":3.081977605819702},"rotation":{"x":-0.1896103322505951,"y":-0.021504048258066179,"z":0.004154304973781109,"w":-0.9816231727600098},"size":10.640707969665528,"orthographic":false}